dataset,model,reg_type,penalty_transform,lambda,mlp_epochs,seed,run,best_valid,test_at_best_valid,penalty_dist,offdiag_cv,mlp_acc,cooc_oracle_dist,budget,n_prior_edges,config
coauthor-cs,MPNN_gcn,none,,0.0,,42,0,93.1806,93.9204,,,,,50,,"lr=0.001,hid=512,do=0.3,wd=0.0005,heads=1,ll=2,gnn=gcn,ln=True,bn=False,res=True,jk=False,prelin=False"
coauthor-cs,MPNN_gcn,none,,0.0,,42,1,93.0715,93.9749,,,,,50,,"lr=0.001,hid=512,do=0.3,wd=0.0005,heads=1,ll=2,gnn=gcn,ln=True,bn=False,res=True,jk=False,prelin=False"
coauthor-cs,MPNN_gcn,none,,0.0,,42,2,93.0442,94.3566,,,,,50,,"lr=0.001,hid=512,do=0.3,wd=0.0005,heads=1,ll=2,gnn=gcn,ln=True,bn=False,res=True,jk=False,prelin=False"
coauthor-cs,MPNN_gcn,none,,0.0,,42,3,92.8532,94.0022,,,,,50,,"lr=0.001,hid=512,do=0.3,wd=0.0005,heads=1,ll=2,gnn=gcn,ln=True,bn=False,res=True,jk=False,prelin=False"
coauthor-cs,MPNN_gcn,none,,0.0,,42,4,92.9896,94.1658,,,,,50,,"lr=0.001,hid=512,do=0.3,wd=0.0005,heads=1,ll=2,gnn=gcn,ln=True,bn=False,res=True,jk=False,prelin=False"
coauthor-cs,MPNN_gcn,none,,0.0,,42,5,92.9896,93.2661,,,,,50,,"lr=0.001,hid=512,do=0.3,wd=0.0005,heads=1,ll=2,gnn=gcn,ln=True,bn=False,res=True,jk=False,prelin=False"
coauthor-cs,MPNN_gcn,none,,0.0,,42,6,93.7534,94.4929,,,,,50,,"lr=0.001,hid=512,do=0.3,wd=0.0005,heads=1,ll=2,gnn=gcn,ln=True,bn=False,res=True,jk=False,prelin=False"
coauthor-cs,MPNN_gcn,none,,0.0,,42,7,93.1533,93.8659,,,,,50,,"lr=0.001,hid=512,do=0.3,wd=0.0005,heads=1,ll=2,gnn=gcn,ln=True,bn=False,res=True,jk=False,prelin=False"
coauthor-cs,MPNN_gcn,none,,0.0,,42,8,93.3442,94.2748,,,,,50,,"lr=0.001,hid=512,do=0.3,wd=0.0005,heads=1,ll=2,gnn=gcn,ln=True,bn=False,res=True,jk=False,prelin=False"
coauthor-cs,MPNN_gcn,none,,0.0,,42,9,93.2351,94.4929,,,,,50,,"lr=0.001,hid=512,do=0.3,wd=0.0005,heads=1,ll=2,gnn=gcn,ln=True,bn=False,res=True,jk=False,prelin=False"
coauthor-cs,MPNN_gcn,count,none,0.01,,42,0,93.0169,93.9477,0.0,0.15305973589420319,,0.4786650240421295,50,380,"lr=0.001,hid=512,do=0.3,wd=0.0005,heads=1,ll=2,gnn=gcn,ln=True,bn=False,res=True,jk=False,prelin=False"
coauthor-cs,MPNN_gcn,count,none,0.01,,42,1,93.1260,94.0022,0.0,0.14963603019714355,,0.49214237928390503,50,360,"lr=0.001,hid=512,do=0.3,wd=0.0005,heads=1,ll=2,gnn=gcn,ln=True,bn=False,res=True,jk=False,prelin=False"
coauthor-cs,MPNN_gcn,count,none,0.01,,42,2,93.0987,94.3839,0.0,0.14868798851966858,,0.49940207600593567,50,366,"lr=0.001,hid=512,do=0.3,wd=0.0005,heads=1,ll=2,gnn=gcn,ln=True,bn=False,res=True,jk=False,prelin=False"
coauthor-cs,MPNN_gcn,count,none,0.01,,42,3,92.9351,93.9477,0.0,0.1760949194431305,,0.47590410709381104,50,464,"lr=0.001,hid=512,do=0.3,wd=0.0005,heads=1,ll=2,gnn=gcn,ln=True,bn=False,res=True,jk=False,prelin=False"
coauthor-cs,MPNN_gcn,count,none,0.01,,42,4,93.0169,94.1930,0.0,0.15950554609298706,,0.5048331022262573,50,374,"lr=0.001,hid=512,do=0.3,wd=0.0005,heads=1,ll=2,gnn=gcn,ln=True,bn=False,res=True,jk=False,prelin=False"
coauthor-cs,MPNN_gcn,count,none,0.01,,42,5,93.1260,93.4842,0.0,0.14536932110786438,,0.45004531741142273,50,392,"lr=0.001,hid=512,do=0.3,wd=0.0005,heads=1,ll=2,gnn=gcn,ln=True,bn=False,res=True,jk=False,prelin=False"
coauthor-cs,MPNN_gcn,count,none,0.01,,42,6,93.8625,93.9477,0.0,0.15524877607822418,,0.4356805086135864,50,422,"lr=0.001,hid=512,do=0.3,wd=0.0005,heads=1,ll=2,gnn=gcn,ln=True,bn=False,res=True,jk=False,prelin=False"
coauthor-cs,MPNN_gcn,count,none,0.01,,42,7,93.0987,93.7023,0.0,0.1704878807067871,,0.5643898248672485,50,386,"lr=0.001,hid=512,do=0.3,wd=0.0005,heads=1,ll=2,gnn=gcn,ln=True,bn=False,res=True,jk=False,prelin=False"
coauthor-cs,MPNN_gcn,count,none,0.01,,42,8,93.3988,94.1658,0.0,0.13936777412891388,,0.46920642256736755,50,352,"lr=0.001,hid=512,do=0.3,wd=0.0005,heads=1,ll=2,gnn=gcn,ln=True,bn=False,res=True,jk=False,prelin=False"
coauthor-cs,MPNN_gcn,count,none,0.01,,42,9,93.2897,94.4384,0.0,0.14659252762794495,,0.4773116707801819,50,364,"lr=0.001,hid=512,do=0.3,wd=0.0005,heads=1,ll=2,gnn=gcn,ln=True,bn=False,res=True,jk=False,prelin=False"
coauthor-cs,MPNN_gcn,count,none,0.05,,42,0,93.1260,94.3293,0.0,0.15305973589420319,,0.4786650240421295,50,380,"lr=0.001,hid=512,do=0.3,wd=0.0005,heads=1,ll=2,gnn=gcn,ln=True,bn=False,res=True,jk=False,prelin=False"
coauthor-cs,MPNN_gcn,count,none,0.05,,42,1,93.0169,93.8659,0.0,0.14963603019714355,,0.49214237928390503,50,360,"lr=0.001,hid=512,do=0.3,wd=0.0005,heads=1,ll=2,gnn=gcn,ln=True,bn=False,res=True,jk=False,prelin=False"
coauthor-cs,MPNN_gcn,count,none,0.05,,42,2,93.0442,94.3839,0.0,0.14868798851966858,,0.49940207600593567,50,366,"lr=0.001,hid=512,do=0.3,wd=0.0005,heads=1,ll=2,gnn=gcn,ln=True,bn=False,res=True,jk=False,prelin=False"
coauthor-cs,MPNN_gcn,count,none,0.05,,42,3,92.8805,93.8386,0.0,0.1760949194431305,,0.47590410709381104,50,464,"lr=0.001,hid=512,do=0.3,wd=0.0005,heads=1,ll=2,gnn=gcn,ln=True,bn=False,res=True,jk=False,prelin=False"
coauthor-cs,MPNN_gcn,count,none,0.05,,42,4,93.0169,94.1930,0.0,0.15950554609298706,,0.5048331022262573,50,374,"lr=0.001,hid=512,do=0.3,wd=0.0005,heads=1,ll=2,gnn=gcn,ln=True,bn=False,res=True,jk=False,prelin=False"
coauthor-cs,MPNN_gcn,count,none,0.05,,42,5,92.7987,94.0022,0.0,0.14536932110786438,,0.45004531741142273,50,392,"lr=0.001,hid=512,do=0.3,wd=0.0005,heads=1,ll=2,gnn=gcn,ln=True,bn=False,res=True,jk=False,prelin=False"
coauthor-cs,MPNN_gcn,count,none,0.05,,42,6,93.7261,94.5202,0.0,0.15524877607822418,,0.4356805086135864,50,422,"lr=0.001,hid=512,do=0.3,wd=0.0005,heads=1,ll=2,gnn=gcn,ln=True,bn=False,res=True,jk=False,prelin=False"
coauthor-cs,MPNN_gcn,count,none,0.05,,42,7,93.0442,94.0022,0.0,0.1704878807067871,,0.5643898248672485,50,386,"lr=0.001,hid=512,do=0.3,wd=0.0005,heads=1,ll=2,gnn=gcn,ln=True,bn=False,res=True,jk=False,prelin=False"
coauthor-cs,MPNN_gcn,count,none,0.05,,42,8,93.4261,94.1930,0.0,0.13936777412891388,,0.46920642256736755,50,352,"lr=0.001,hid=512,do=0.3,wd=0.0005,heads=1,ll=2,gnn=gcn,ln=True,bn=False,res=True,jk=False,prelin=False"
coauthor-cs,MPNN_gcn,count,none,0.05,,42,9,93.3170,93.9204,0.0,0.14659252762794495,,0.4773116707801819,50,364,"lr=0.001,hid=512,do=0.3,wd=0.0005,heads=1,ll=2,gnn=gcn,ln=True,bn=False,res=True,jk=False,prelin=False"
coauthor-cs,MPNN_gcn,mlp,none,0.01,500,42,0,93.2624,94.2203,0.0,0.18760952353477478,0.887343168258667,0.408403605222702,50,,"lr=0.001,hid=512,do=0.3,wd=0.0005,heads=1,ll=2,gnn=gcn,ln=True,bn=False,res=True,jk=False,prelin=False"
coauthor-cs,MPNN_gcn,mlp,none,0.01,500,42,1,93.0987,93.9477,0.0,0.18773315846920013,0.8878887295722961,0.41117212176322937,50,,"lr=0.001,hid=512,do=0.3,wd=0.0005,heads=1,ll=2,gnn=gcn,ln=True,bn=False,res=True,jk=False,prelin=False"
coauthor-cs,MPNN_gcn,mlp,none,0.01,500,42,2,93.0715,94.4111,0.0,0.1866530030965805,0.8799781799316406,0.4163082540035248,50,,"lr=0.001,hid=512,do=0.3,wd=0.0005,heads=1,ll=2,gnn=gcn,ln=True,bn=False,res=True,jk=False,prelin=False"
coauthor-cs,MPNN_gcn,mlp,none,0.01,500,42,3,92.9351,93.5115,0.0,0.1896745264530182,0.8919803500175476,0.40309271216392517,50,,"lr=0.001,hid=512,do=0.3,wd=0.0005,heads=1,ll=2,gnn=gcn,ln=True,bn=False,res=True,jk=False,prelin=False"
coauthor-cs,MPNN_gcn,mlp,none,0.01,500,42,4,92.9624,94.1658,0.0,0.18640752136707306,0.8837970495223999,0.42536917328834534,50,,"lr=0.001,hid=512,do=0.3,wd=0.0005,heads=1,ll=2,gnn=gcn,ln=True,bn=False,res=True,jk=False,prelin=False"
coauthor-cs,MPNN_gcn,mlp,none,0.01,500,42,5,92.7169,94.0567,0.0,0.18965475261211395,0.890070915222168,0.40619713068008423,50,,"lr=0.001,hid=512,do=0.3,wd=0.0005,heads=1,ll=2,gnn=gcn,ln=True,bn=False,res=True,jk=False,prelin=False"
coauthor-cs,MPNN_gcn,mlp,none,0.01,500,42,6,93.8080,94.4657,0.0,0.1868777722120285,0.8922531604766846,0.4179592728614807,50,,"lr=0.001,hid=512,do=0.3,wd=0.0005,heads=1,ll=2,gnn=gcn,ln=True,bn=False,res=True,jk=False,prelin=False"
coauthor-cs,MPNN_gcn,mlp,none,0.01,500,42,7,93.0987,94.0567,0.0,0.18669840693473816,0.8870704174041748,0.41775795817375183,50,,"lr=0.001,hid=512,do=0.3,wd=0.0005,heads=1,ll=2,gnn=gcn,ln=True,bn=False,res=True,jk=False,prelin=False"
coauthor-cs,MPNN_gcn,mlp,none,0.01,500,42,8,93.3715,94.3293,0.0,0.18987007439136505,0.8949809074401855,0.41605469584465027,50,,"lr=0.001,hid=512,do=0.3,wd=0.0005,heads=1,ll=2,gnn=gcn,ln=True,bn=False,res=True,jk=False,prelin=False"
coauthor-cs,MPNN_gcn,mlp,none,0.01,500,42,9,93.2624,94.4384,0.0,0.18272623419761658,0.8917075991630554,0.42282038927078247,50,,"lr=0.001,hid=512,do=0.3,wd=0.0005,heads=1,ll=2,gnn=gcn,ln=True,bn=False,res=True,jk=False,prelin=False"
coauthor-cs,MPNN_gcn,oracle,none,0.01,,42,0,93.2079,94.0294,0.0,0.43668240308761597,,,50,,"lr=0.001,hid=512,do=0.3,wd=0.0005,heads=1,ll=2,gnn=gcn,ln=True,bn=False,res=True,jk=False,prelin=False"
coauthor-cs,MPNN_gcn,oracle,none,0.01,,42,1,93.1533,94.0022,0.0,0.43668240308761597,,,50,,"lr=0.001,hid=512,do=0.3,wd=0.0005,heads=1,ll=2,gnn=gcn,ln=True,bn=False,res=True,jk=False,prelin=False"
coauthor-cs,MPNN_gcn,oracle,none,0.01,,42,2,93.0987,94.3566,0.0,0.43668240308761597,,,50,,"lr=0.001,hid=512,do=0.3,wd=0.0005,heads=1,ll=2,gnn=gcn,ln=True,bn=False,res=True,jk=False,prelin=False"
coauthor-cs,MPNN_gcn,oracle,none,0.01,,42,3,92.9351,94.0294,0.0,0.43668240308761597,,,50,,"lr=0.001,hid=512,do=0.3,wd=0.0005,heads=1,ll=2,gnn=gcn,ln=True,bn=False,res=True,jk=False,prelin=False"
coauthor-cs,MPNN_gcn,oracle,none,0.01,,42,4,93.0169,94.1658,0.0,0.43668240308761597,,,50,,"lr=0.001,hid=512,do=0.3,wd=0.0005,heads=1,ll=2,gnn=gcn,ln=True,bn=False,res=True,jk=False,prelin=False"
coauthor-cs,MPNN_gcn,oracle,none,0.01,,42,5,92.7169,94.0840,0.0,0.43668240308761597,,,50,,"lr=0.001,hid=512,do=0.3,wd=0.0005,heads=1,ll=2,gnn=gcn,ln=True,bn=False,res=True,jk=False,prelin=False"
coauthor-cs,MPNN_gcn,oracle,none,0.01,,42,6,93.7534,94.3839,0.0,0.43668240308761597,,,50,,"lr=0.001,hid=512,do=0.3,wd=0.0005,heads=1,ll=2,gnn=gcn,ln=True,bn=False,res=True,jk=False,prelin=False"
coauthor-cs,MPNN_gcn,oracle,none,0.01,,42,7,93.0169,94.0294,0.0,0.43668240308761597,,,50,,"lr=0.001,hid=512,do=0.3,wd=0.0005,heads=1,ll=2,gnn=gcn,ln=True,bn=False,res=True,jk=False,prelin=False"
coauthor-cs,MPNN_gcn,oracle,none,0.01,,42,8,93.4534,94.1930,0.0,0.43668240308761597,,,50,,"lr=0.001,hid=512,do=0.3,wd=0.0005,heads=1,ll=2,gnn=gcn,ln=True,bn=False,res=True,jk=False,prelin=False"
coauthor-cs,MPNN_gcn,oracle,none,0.01,,42,9,93.4534,94.4657,0.0,0.43668240308761597,,,50,,"lr=0.001,hid=512,do=0.3,wd=0.0005,heads=1,ll=2,gnn=gcn,ln=True,bn=False,res=True,jk=False,prelin=False"
coauthor-cs,MPNN_gcn,count,none,0.1,,42,0,93.1533,94.0567,0.0,0.15305973589420319,,0.4786650240421295,50,380,"lr=0.001,hid=512,do=0.3,wd=0.0005,heads=1,ll=2,gnn=gcn,ln=True,bn=False,res=True,jk=False,prelin=False"
coauthor-cs,MPNN_gcn,count,none,0.1,,42,1,93.2079,93.6205,0.0,0.14963603019714355,,0.49214237928390503,50,360,"lr=0.001,hid=512,do=0.3,wd=0.0005,heads=1,ll=2,gnn=gcn,ln=True,bn=False,res=True,jk=False,prelin=False"
coauthor-cs,MPNN_gcn,count,none,0.1,,42,2,93.1806,94.3566,0.0,0.14868798851966858,,0.49940207600593567,50,366,"lr=0.001,hid=512,do=0.3,wd=0.0005,heads=1,ll=2,gnn=gcn,ln=True,bn=False,res=True,jk=False,prelin=False"
coauthor-cs,MPNN_gcn,count,none,0.1,,42,3,92.8805,94.0294,0.0,0.1760949194431305,,0.47590410709381104,50,464,"lr=0.001,hid=512,do=0.3,wd=0.0005,heads=1,ll=2,gnn=gcn,ln=True,bn=False,res=True,jk=False,prelin=False"
coauthor-cs,MPNN_gcn,count,none,0.1,,42,4,93.0169,94.2203,0.0,0.15950554609298706,,0.5048331022262573,50,374,"lr=0.001,hid=512,do=0.3,wd=0.0005,heads=1,ll=2,gnn=gcn,ln=True,bn=False,res=True,jk=False,prelin=False"
coauthor-cs,MPNN_gcn,count,none,0.1,,42,5,92.8260,93.9204,0.0,0.14536932110786438,,0.45004531741142273,50,392,"lr=0.001,hid=512,do=0.3,wd=0.0005,heads=1,ll=2,gnn=gcn,ln=True,bn=False,res=True,jk=False,prelin=False"
coauthor-cs,MPNN_gcn,count,none,0.1,,42,6,93.7534,94.4929,0.0,0.15524877607822418,,0.4356805086135864,50,422,"lr=0.001,hid=512,do=0.3,wd=0.0005,heads=1,ll=2,gnn=gcn,ln=True,bn=False,res=True,jk=False,prelin=False"
coauthor-cs,MPNN_gcn,count,none,0.1,,42,7,93.0715,94.1112,0.0,0.1704878807067871,,0.5643898248672485,50,386,"lr=0.001,hid=512,do=0.3,wd=0.0005,heads=1,ll=2,gnn=gcn,ln=True,bn=False,res=True,jk=False,prelin=False"
coauthor-cs,MPNN_gcn,count,none,0.1,,42,8,93.3442,94.2203,0.0,0.13936777412891388,,0.46920642256736755,50,352,"lr=0.001,hid=512,do=0.3,wd=0.0005,heads=1,ll=2,gnn=gcn,ln=True,bn=False,res=True,jk=False,prelin=False"
coauthor-cs,MPNN_gcn,count,none,0.1,,42,9,93.4534,94.0840,0.0,0.14659252762794495,,0.4773116707801819,50,364,"lr=0.001,hid=512,do=0.3,wd=0.0005,heads=1,ll=2,gnn=gcn,ln=True,bn=False,res=True,jk=False,prelin=False"
coauthor-cs,MPNN_gcn,mlp,none,0.05,500,42,0,92.9078,94.2475,0.0,0.18760952353477478,0.887343168258667,0.408403605222702,50,,"lr=0.001,hid=512,do=0.3,wd=0.0005,heads=1,ll=2,gnn=gcn,ln=True,bn=False,res=True,jk=False,prelin=False"
coauthor-cs,MPNN_gcn,mlp,none,0.05,500,42,1,93.2079,93.6205,0.0,0.18773315846920013,0.8878887295722961,0.41117212176322937,50,,"lr=0.001,hid=512,do=0.3,wd=0.0005,heads=1,ll=2,gnn=gcn,ln=True,bn=False,res=True,jk=False,prelin=False"
coauthor-cs,MPNN_gcn,mlp,none,0.05,500,42,2,93.0987,94.4111,0.0,0.1866530030965805,0.8799781799316406,0.4163082540035248,50,,"lr=0.001,hid=512,do=0.3,wd=0.0005,heads=1,ll=2,gnn=gcn,ln=True,bn=False,res=True,jk=False,prelin=False"
coauthor-cs,MPNN_gcn,mlp,none,0.05,500,42,3,92.8532,94.1385,0.0,0.1896745264530182,0.8919803500175476,0.40309271216392517,50,,"lr=0.001,hid=512,do=0.3,wd=0.0005,heads=1,ll=2,gnn=gcn,ln=True,bn=False,res=True,jk=False,prelin=False"
coauthor-cs,MPNN_gcn,mlp,none,0.05,500,42,4,92.9896,94.4111,0.0,0.18640752136707306,0.8837970495223999,0.42536917328834534,50,,"lr=0.001,hid=512,do=0.3,wd=0.0005,heads=1,ll=2,gnn=gcn,ln=True,bn=False,res=True,jk=False,prelin=False"
coauthor-cs,MPNN_gcn,mlp,none,0.05,500,42,5,92.9624,93.6205,0.0,0.18965475261211395,0.890070915222168,0.40619713068008423,50,,"lr=0.001,hid=512,do=0.3,wd=0.0005,heads=1,ll=2,gnn=gcn,ln=True,bn=False,res=True,jk=False,prelin=False"
coauthor-cs,MPNN_gcn,mlp,none,0.05,500,42,6,93.7261,94.4384,0.0,0.1868777722120285,0.8922531604766846,0.4179592728614807,50,,"lr=0.001,hid=512,do=0.3,wd=0.0005,heads=1,ll=2,gnn=gcn,ln=True,bn=False,res=True,jk=False,prelin=False"
coauthor-cs,MPNN_gcn,mlp,none,0.05,500,42,7,93.1533,94.1385,0.0,0.18669840693473816,0.8870704174041748,0.41775795817375183,50,,"lr=0.001,hid=512,do=0.3,wd=0.0005,heads=1,ll=2,gnn=gcn,ln=True,bn=False,res=True,jk=False,prelin=False"
coauthor-cs,MPNN_gcn,mlp,none,0.05,500,42,8,93.4534,94.2203,0.0,0.18987007439136505,0.8949809074401855,0.41605469584465027,50,,"lr=0.001,hid=512,do=0.3,wd=0.0005,heads=1,ll=2,gnn=gcn,ln=True,bn=False,res=True,jk=False,prelin=False"
coauthor-cs,MPNN_gcn,mlp,none,0.05,500,42,9,93.6443,94.2203,0.0,0.18272623419761658,0.8917075991630554,0.42282038927078247,50,,"lr=0.001,hid=512,do=0.3,wd=0.0005,heads=1,ll=2,gnn=gcn,ln=True,bn=False,res=True,jk=False,prelin=False"
coauthor-cs,MPNN_gcn,oracle,none,0.05,,42,0,92.9078,93.8659,0.0,0.43668240308761597,,,50,,"lr=0.001,hid=512,do=0.3,wd=0.0005,heads=1,ll=2,gnn=gcn,ln=True,bn=False,res=True,jk=False,prelin=False"
coauthor-cs,MPNN_gcn,oracle,none,0.05,,42,1,93.3715,93.6478,0.0,0.43668240308761597,,,50,,"lr=0.001,hid=512,do=0.3,wd=0.0005,heads=1,ll=2,gnn=gcn,ln=True,bn=False,res=True,jk=False,prelin=False"
coauthor-cs,MPNN_gcn,oracle,none,0.05,,42,2,93.3715,93.7841,0.0,0.43668240308761597,,,50,,"lr=0.001,hid=512,do=0.3,wd=0.0005,heads=1,ll=2,gnn=gcn,ln=True,bn=False,res=True,jk=False,prelin=False"
coauthor-cs,MPNN_gcn,oracle,none,0.05,,42,3,92.9624,94.1385,0.0,0.43668240308761597,,,50,,"lr=0.001,hid=512,do=0.3,wd=0.0005,heads=1,ll=2,gnn=gcn,ln=True,bn=False,res=True,jk=False,prelin=False"
coauthor-cs,MPNN_gcn,oracle,none,0.05,,42,4,93.0169,94.2748,0.0,0.43668240308761597,,,50,,"lr=0.001,hid=512,do=0.3,wd=0.0005,heads=1,ll=2,gnn=gcn,ln=True,bn=False,res=True,jk=False,prelin=False"
coauthor-cs,MPNN_gcn,oracle,none,0.05,,42,5,93.1806,94.0294,0.0,0.43668240308761597,,,50,,"lr=0.001,hid=512,do=0.3,wd=0.0005,heads=1,ll=2,gnn=gcn,ln=True,bn=False,res=True,jk=False,prelin=False"
coauthor-cs,MPNN_gcn,oracle,none,0.05,,42,6,93.8352,94.4929,0.0,0.43668240308761597,,,50,,"lr=0.001,hid=512,do=0.3,wd=0.0005,heads=1,ll=2,gnn=gcn,ln=True,bn=False,res=True,jk=False,prelin=False"
coauthor-cs,MPNN_gcn,oracle,none,0.05,,42,7,93.2897,94.0294,0.0,0.43668240308761597,,,50,,"lr=0.001,hid=512,do=0.3,wd=0.0005,heads=1,ll=2,gnn=gcn,ln=True,bn=False,res=True,jk=False,prelin=False"
coauthor-cs,MPNN_gcn,oracle,none,0.05,,42,8,93.3988,94.1385,0.0,0.43668240308761597,,,50,,"lr=0.001,hid=512,do=0.3,wd=0.0005,heads=1,ll=2,gnn=gcn,ln=True,bn=False,res=True,jk=False,prelin=False"
coauthor-cs,MPNN_gcn,oracle,none,0.05,,42,9,93.5352,94.0294,0.0,0.43668240308761597,,,50,,"lr=0.001,hid=512,do=0.3,wd=0.0005,heads=1,ll=2,gnn=gcn,ln=True,bn=False,res=True,jk=False,prelin=False"
coauthor-cs,MPNN_gcn,count,none,0.2,,42,0,93.0442,94.0022,0.0,0.15305973589420319,,0.4786650240421295,50,380,"lr=0.001,hid=512,do=0.3,wd=0.0005,heads=1,ll=2,gnn=gcn,ln=True,bn=False,res=True,jk=False,prelin=False"
coauthor-cs,MPNN_gcn,count,none,0.2,,42,1,93.4261,93.7296,0.0,0.14963603019714355,,0.49214237928390503,50,360,"lr=0.001,hid=512,do=0.3,wd=0.0005,heads=1,ll=2,gnn=gcn,ln=True,bn=False,res=True,jk=False,prelin=False"
coauthor-cs,MPNN_gcn,count,none,0.2,,42,2,93.3715,94.1112,0.0,0.14868798851966858,,0.49940207600593567,50,366,"lr=0.001,hid=512,do=0.3,wd=0.0005,heads=1,ll=2,gnn=gcn,ln=True,bn=False,res=True,jk=False,prelin=False"
coauthor-cs,MPNN_gcn,count,none,0.2,,42,3,92.9624,93.9204,0.0,0.1760949194431305,,0.47590410709381104,50,464,"lr=0.001,hid=512,do=0.3,wd=0.0005,heads=1,ll=2,gnn=gcn,ln=True,bn=False,res=True,jk=False,prelin=False"
coauthor-cs,MPNN_gcn,count,none,0.2,,42,4,93.0987,94.2203,0.0,0.15950554609298706,,0.5048331022262573,50,374,"lr=0.001,hid=512,do=0.3,wd=0.0005,heads=1,ll=2,gnn=gcn,ln=True,bn=False,res=True,jk=False,prelin=False"
coauthor-cs,MPNN_gcn,count,none,0.2,,42,5,92.9624,93.9749,0.0,0.14536932110786438,,0.45004531741142273,50,392,"lr=0.001,hid=512,do=0.3,wd=0.0005,heads=1,ll=2,gnn=gcn,ln=True,bn=False,res=True,jk=False,prelin=False"
coauthor-cs,MPNN_gcn,count,none,0.2,,42,6,93.8625,94.5474,0.0,0.15524877607822418,,0.4356805086135864,50,422,"lr=0.001,hid=512,do=0.3,wd=0.0005,heads=1,ll=2,gnn=gcn,ln=True,bn=False,res=True,jk=False,prelin=False"
coauthor-cs,MPNN_gcn,count,none,0.2,,42,7,93.0715,93.9749,0.0,0.1704878807067871,,0.5643898248672485,50,386,"lr=0.001,hid=512,do=0.3,wd=0.0005,heads=1,ll=2,gnn=gcn,ln=True,bn=False,res=True,jk=False,prelin=False"
coauthor-cs,MPNN_gcn,count,none,0.2,,42,8,93.5352,94.1930,0.0,0.13936777412891388,,0.46920642256736755,50,352,"lr=0.001,hid=512,do=0.3,wd=0.0005,heads=1,ll=2,gnn=gcn,ln=True,bn=False,res=True,jk=False,prelin=False"
coauthor-cs,MPNN_gcn,count,none,0.2,,42,9,93.6170,94.1658,0.0,0.14659252762794495,,0.4773116707801819,50,364,"lr=0.001,hid=512,do=0.3,wd=0.0005,heads=1,ll=2,gnn=gcn,ln=True,bn=False,res=True,jk=False,prelin=False"
coauthor-cs,MPNN_gcn,mlp,none,0.1,500,42,0,93.0715,94.2475,0.0,0.18760952353477478,0.887343168258667,0.408403605222702,50,,"lr=0.001,hid=512,do=0.3,wd=0.0005,heads=1,ll=2,gnn=gcn,ln=True,bn=False,res=True,jk=False,prelin=False"
coauthor-cs,MPNN_gcn,mlp,none,0.1,500,42,1,93.3988,93.9749,0.0,0.18773315846920013,0.8878887295722961,0.41117212176322937,50,,"lr=0.001,hid=512,do=0.3,wd=0.0005,heads=1,ll=2,gnn=gcn,ln=True,bn=False,res=True,jk=False,prelin=False"
coauthor-cs,MPNN_gcn,mlp,none,0.1,500,42,2,93.3442,93.8386,0.0,0.1866530030965805,0.8799781799316406,0.4163082540035248,50,,"lr=0.001,hid=512,do=0.3,wd=0.0005,heads=1,ll=2,gnn=gcn,ln=True,bn=False,res=True,jk=False,prelin=False"
coauthor-cs,MPNN_gcn,mlp,none,0.1,500,42,3,93.0715,93.9204,0.0,0.1896745264530182,0.8919803500175476,0.40309271216392517,50,,"lr=0.001,hid=512,do=0.3,wd=0.0005,heads=1,ll=2,gnn=gcn,ln=True,bn=False,res=True,jk=False,prelin=False"
coauthor-cs,MPNN_gcn,mlp,none,0.1,500,42,4,93.0715,94.4929,0.0,0.18640752136707306,0.8837970495223999,0.42536917328834534,50,,"lr=0.001,hid=512,do=0.3,wd=0.0005,heads=1,ll=2,gnn=gcn,ln=True,bn=False,res=True,jk=False,prelin=False"
coauthor-cs,MPNN_gcn,mlp,none,0.1,500,42,5,93.3442,94.1658,0.0,0.18965475261211395,0.890070915222168,0.40619713068008423,50,,"lr=0.001,hid=512,do=0.3,wd=0.0005,heads=1,ll=2,gnn=gcn,ln=True,bn=False,res=True,jk=False,prelin=False"
coauthor-cs,MPNN_gcn,mlp,none,0.1,500,42,6,93.8080,94.5202,0.0,0.1868777722120285,0.8922531604766846,0.4179592728614807,50,,"lr=0.001,hid=512,do=0.3,wd=0.0005,heads=1,ll=2,gnn=gcn,ln=True,bn=False,res=True,jk=False,prelin=False"
coauthor-cs,MPNN_gcn,mlp,none,0.1,500,42,7,93.3715,94.1385,0.0,0.18669840693473816,0.8870704174041748,0.41775795817375183,50,,"lr=0.001,hid=512,do=0.3,wd=0.0005,heads=1,ll=2,gnn=gcn,ln=True,bn=False,res=True,jk=False,prelin=False"
coauthor-cs,MPNN_gcn,mlp,none,0.1,500,42,8,93.4261,94.1658,0.0,0.18987007439136505,0.8949809074401855,0.41605469584465027,50,,"lr=0.001,hid=512,do=0.3,wd=0.0005,heads=1,ll=2,gnn=gcn,ln=True,bn=False,res=True,jk=False,prelin=False"
coauthor-cs,MPNN_gcn,mlp,none,0.1,500,42,9,93.6989,94.3293,0.0,0.18272623419761658,0.8917075991630554,0.42282038927078247,50,,"lr=0.001,hid=512,do=0.3,wd=0.0005,heads=1,ll=2,gnn=gcn,ln=True,bn=False,res=True,jk=False,prelin=False"
coauthor-cs,MPNN_gcn,oracle,none,0.1,,42,0,93.1806,94.1385,0.0,0.43668240308761597,,,50,,"lr=0.001,hid=512,do=0.3,wd=0.0005,heads=1,ll=2,gnn=gcn,ln=True,bn=False,res=True,jk=False,prelin=False"
coauthor-cs,MPNN_gcn,oracle,none,0.1,,42,1,93.5352,94.0840,0.0,0.43668240308761597,,,50,,"lr=0.001,hid=512,do=0.3,wd=0.0005,heads=1,ll=2,gnn=gcn,ln=True,bn=False,res=True,jk=False,prelin=False"
coauthor-cs,MPNN_gcn,oracle,none,0.1,,42,2,93.6989,94.2748,0.0,0.43668240308761597,,,50,,"lr=0.001,hid=512,do=0.3,wd=0.0005,heads=1,ll=2,gnn=gcn,ln=True,bn=False,res=True,jk=False,prelin=False"
coauthor-cs,MPNN_gcn,oracle,none,0.1,,42,3,93.2351,93.9204,0.0,0.43668240308761597,,,50,,"lr=0.001,hid=512,do=0.3,wd=0.0005,heads=1,ll=2,gnn=gcn,ln=True,bn=False,res=True,jk=False,prelin=False"
coauthor-cs,MPNN_gcn,oracle,none,0.1,,42,4,93.1806,93.6478,0.0,0.43668240308761597,,,50,,"lr=0.001,hid=512,do=0.3,wd=0.0005,heads=1,ll=2,gnn=gcn,ln=True,bn=False,res=True,jk=False,prelin=False"
coauthor-cs,MPNN_gcn,oracle,none,0.1,,42,5,93.5352,94.2203,0.0,0.43668240308761597,,,50,,"lr=0.001,hid=512,do=0.3,wd=0.0005,heads=1,ll=2,gnn=gcn,ln=True,bn=False,res=True,jk=False,prelin=False"
coauthor-cs,MPNN_gcn,oracle,none,0.1,,42,6,93.9716,93.8659,0.0,0.43668240308761597,,,50,,"lr=0.001,hid=512,do=0.3,wd=0.0005,heads=1,ll=2,gnn=gcn,ln=True,bn=False,res=True,jk=False,prelin=False"
coauthor-cs,MPNN_gcn,oracle,none,0.1,,42,7,93.3442,93.5387,0.0,0.43668240308761597,,,50,,"lr=0.001,hid=512,do=0.3,wd=0.0005,heads=1,ll=2,gnn=gcn,ln=True,bn=False,res=True,jk=False,prelin=False"
coauthor-cs,MPNN_gcn,oracle,none,0.1,,42,8,93.5625,94.2748,0.0,0.43668240308761597,,,50,,"lr=0.001,hid=512,do=0.3,wd=0.0005,heads=1,ll=2,gnn=gcn,ln=True,bn=False,res=True,jk=False,prelin=False"
coauthor-cs,MPNN_gcn,oracle,none,0.1,,42,9,93.8352,94.1112,0.0,0.43668240308761597,,,50,,"lr=0.001,hid=512,do=0.3,wd=0.0005,heads=1,ll=2,gnn=gcn,ln=True,bn=False,res=True,jk=False,prelin=False"
coauthor-cs,MPNN_gcn,count,none,0.4,,42,0,93.1260,94.1112,0.0,0.15305973589420319,,0.4786650240421295,50,380,"lr=0.001,hid=512,do=0.3,wd=0.0005,heads=1,ll=2,gnn=gcn,ln=True,bn=False,res=True,jk=False,prelin=False"
coauthor-cs,MPNN_gcn,count,none,0.4,,42,1,93.6443,93.7841,0.0,0.14963603019714355,,0.49214237928390503,50,360,"lr=0.001,hid=512,do=0.3,wd=0.0005,heads=1,ll=2,gnn=gcn,ln=True,bn=False,res=True,jk=False,prelin=False"
coauthor-cs,MPNN_gcn,count,none,0.4,,42,2,93.5625,93.8931,0.0,0.14868798851966858,,0.49940207600593567,50,366,"lr=0.001,hid=512,do=0.3,wd=0.0005,heads=1,ll=2,gnn=gcn,ln=True,bn=False,res=True,jk=False,prelin=False"
coauthor-cs,MPNN_gcn,count,none,0.4,,42,3,93.1260,94.1658,0.0,0.1760949194431305,,0.47590410709381104,50,464,"lr=0.001,hid=512,do=0.3,wd=0.0005,heads=1,ll=2,gnn=gcn,ln=True,bn=False,res=True,jk=False,prelin=False"
coauthor-cs,MPNN_gcn,count,none,0.4,,42,4,93.1533,94.1930,0.0,0.15950554609298706,,0.5048331022262573,50,374,"lr=0.001,hid=512,do=0.3,wd=0.0005,heads=1,ll=2,gnn=gcn,ln=True,bn=False,res=True,jk=False,prelin=False"
coauthor-cs,MPNN_gcn,count,none,0.4,,42,5,93.4261,94.1112,0.0,0.14536932110786438,,0.45004531741142273,50,392,"lr=0.001,hid=512,do=0.3,wd=0.0005,heads=1,ll=2,gnn=gcn,ln=True,bn=False,res=True,jk=False,prelin=False"
coauthor-cs,MPNN_gcn,count,none,0.4,,42,6,93.8080,94.5474,0.0,0.15524877607822418,,0.4356805086135864,50,422,"lr=0.001,hid=512,do=0.3,wd=0.0005,heads=1,ll=2,gnn=gcn,ln=True,bn=False,res=True,jk=False,prelin=False"
coauthor-cs,MPNN_gcn,count,none,0.4,,42,7,93.1533,93.9204,0.0,0.1704878807067871,,0.5643898248672485,50,386,"lr=0.001,hid=512,do=0.3,wd=0.0005,heads=1,ll=2,gnn=gcn,ln=True,bn=False,res=True,jk=False,prelin=False"
coauthor-cs,MPNN_gcn,count,none,0.4,,42,8,93.5625,94.3021,0.0,0.13936777412891388,,0.46920642256736755,50,352,"lr=0.001,hid=512,do=0.3,wd=0.0005,heads=1,ll=2,gnn=gcn,ln=True,bn=False,res=True,jk=False,prelin=False"
coauthor-cs,MPNN_gcn,count,none,0.4,,42,9,93.9989,94.4111,0.0,0.14659252762794495,,0.4773116707801819,50,364,"lr=0.001,hid=512,do=0.3,wd=0.0005,heads=1,ll=2,gnn=gcn,ln=True,bn=False,res=True,jk=False,prelin=False"
coauthor-cs,MPNN_gcn,mlp,none,0.2,500,42,0,93.2351,94.0567,0.0,0.18760952353477478,0.887343168258667,0.408403605222702,50,,"lr=0.001,hid=512,do=0.3,wd=0.0005,heads=1,ll=2,gnn=gcn,ln=True,bn=False,res=True,jk=False,prelin=False"
coauthor-cs,MPNN_gcn,mlp,none,0.2,500,42,1,93.7534,94.3839,0.0,0.18773315846920013,0.8878887295722961,0.41117212176322937,50,,"lr=0.001,hid=512,do=0.3,wd=0.0005,heads=1,ll=2,gnn=gcn,ln=True,bn=False,res=True,jk=False,prelin=False"
coauthor-cs,MPNN_gcn,mlp,none,0.2,500,42,2,93.8625,94.2748,0.0,0.1866530030965805,0.8799781799316406,0.4163082540035248,50,,"lr=0.001,hid=512,do=0.3,wd=0.0005,heads=1,ll=2,gnn=gcn,ln=True,bn=False,res=True,jk=False,prelin=False"
coauthor-cs,MPNN_gcn,mlp,none,0.2,500,42,3,93.1260,93.8931,0.0,0.1896745264530182,0.8919803500175476,0.40309271216392517,50,,"lr=0.001,hid=512,do=0.3,wd=0.0005,heads=1,ll=2,gnn=gcn,ln=True,bn=False,res=True,jk=False,prelin=False"
coauthor-cs,MPNN_gcn,mlp,none,0.2,500,42,4,93.1806,93.8113,0.0,0.18640752136707306,0.8837970495223999,0.42536917328834534,50,,"lr=0.001,hid=512,do=0.3,wd=0.0005,heads=1,ll=2,gnn=gcn,ln=True,bn=False,res=True,jk=False,prelin=False"
coauthor-cs,MPNN_gcn,mlp,none,0.2,500,42,5,93.8352,94.1658,0.0,0.18965475261211395,0.890070915222168,0.40619713068008423,50,,"lr=0.001,hid=512,do=0.3,wd=0.0005,heads=1,ll=2,gnn=gcn,ln=True,bn=False,res=True,jk=False,prelin=False"
coauthor-cs,MPNN_gcn,mlp,none,0.2,500,42,6,94.1353,93.9204,0.0,0.1868777722120285,0.8922531604766846,0.4179592728614807,50,,"lr=0.001,hid=512,do=0.3,wd=0.0005,heads=1,ll=2,gnn=gcn,ln=True,bn=False,res=True,jk=False,prelin=False"
coauthor-cs,MPNN_gcn,mlp,none,0.2,500,42,7,93.5079,93.6205,0.0,0.18669840693473816,0.8870704174041748,0.41775795817375183,50,,"lr=0.001,hid=512,do=0.3,wd=0.0005,heads=1,ll=2,gnn=gcn,ln=True,bn=False,res=True,jk=False,prelin=False"
coauthor-cs,MPNN_gcn,mlp,none,0.2,500,42,8,93.5352,94.0022,0.0,0.18987007439136505,0.8949809074401855,0.41605469584465027,50,,"lr=0.001,hid=512,do=0.3,wd=0.0005,heads=1,ll=2,gnn=gcn,ln=True,bn=False,res=True,jk=False,prelin=False"
coauthor-cs,MPNN_gcn,mlp,none,0.2,500,42,9,93.9716,94.3566,0.0,0.18272623419761658,0.8917075991630554,0.42282038927078247,50,,"lr=0.001,hid=512,do=0.3,wd=0.0005,heads=1,ll=2,gnn=gcn,ln=True,bn=False,res=True,jk=False,prelin=False"
coauthor-cs,MPNN_gcn,oracle,none,0.2,,42,0,93.5352,94.2475,0.0,0.43668240308761597,,,50,,"lr=0.001,hid=512,do=0.3,wd=0.0005,heads=1,ll=2,gnn=gcn,ln=True,bn=False,res=True,jk=False,prelin=False"
coauthor-cs,MPNN_gcn,oracle,none,0.2,,42,1,93.8625,94.6020,0.0,0.43668240308761597,,,50,,"lr=0.001,hid=512,do=0.3,wd=0.0005,heads=1,ll=2,gnn=gcn,ln=True,bn=False,res=True,jk=False,prelin=False"
coauthor-cs,MPNN_gcn,oracle,none,0.2,,42,2,94.1080,94.1658,0.0,0.43668240308761597,,,50,,"lr=0.001,hid=512,do=0.3,wd=0.0005,heads=1,ll=2,gnn=gcn,ln=True,bn=False,res=True,jk=False,prelin=False"
coauthor-cs,MPNN_gcn,oracle,none,0.2,,42,3,93.2079,94.1930,0.0,0.43668240308761597,,,50,,"lr=0.001,hid=512,do=0.3,wd=0.0005,heads=1,ll=2,gnn=gcn,ln=True,bn=False,res=True,jk=False,prelin=False"
coauthor-cs,MPNN_gcn,oracle,none,0.2,,42,4,93.2624,93.8931,0.0,0.43668240308761597,,,50,,"lr=0.001,hid=512,do=0.3,wd=0.0005,heads=1,ll=2,gnn=gcn,ln=True,bn=False,res=True,jk=False,prelin=False"
coauthor-cs,MPNN_gcn,oracle,none,0.2,,42,5,94.0807,94.3839,0.0,0.43668240308761597,,,50,,"lr=0.001,hid=512,do=0.3,wd=0.0005,heads=1,ll=2,gnn=gcn,ln=True,bn=False,res=True,jk=False,prelin=False"
coauthor-cs,MPNN_gcn,oracle,none,0.2,,42,6,94.3262,94.1112,0.0,0.43668240308761597,,,50,,"lr=0.001,hid=512,do=0.3,wd=0.0005,heads=1,ll=2,gnn=gcn,ln=True,bn=False,res=True,jk=False,prelin=False"
coauthor-cs,MPNN_gcn,oracle,none,0.2,,42,7,93.6443,93.8386,0.0,0.43668240308761597,,,50,,"lr=0.001,hid=512,do=0.3,wd=0.0005,heads=1,ll=2,gnn=gcn,ln=True,bn=False,res=True,jk=False,prelin=False"
coauthor-cs,MPNN_gcn,oracle,none,0.2,,42,8,93.6170,94.3566,0.0,0.43668240308761597,,,50,,"lr=0.001,hid=512,do=0.3,wd=0.0005,heads=1,ll=2,gnn=gcn,ln=True,bn=False,res=True,jk=False,prelin=False"
coauthor-cs,MPNN_gcn,oracle,none,0.2,,42,9,94.1626,94.3839,0.0,0.43668240308761597,,,50,,"lr=0.001,hid=512,do=0.3,wd=0.0005,heads=1,ll=2,gnn=gcn,ln=True,bn=False,res=True,jk=False,prelin=False"
coauthor-cs,MPNN_gcn,count,none,0.8,,42,0,93.2079,94.2203,0.0,0.15305973589420319,,0.4786650240421295,50,380,"lr=0.001,hid=512,do=0.3,wd=0.0005,heads=1,ll=2,gnn=gcn,ln=True,bn=False,res=True,jk=False,prelin=False"
coauthor-cs,MPNN_gcn,count,none,0.8,,42,1,93.7534,94.4111,0.0,0.14963603019714355,,0.49214237928390503,50,360,"lr=0.001,hid=512,do=0.3,wd=0.0005,heads=1,ll=2,gnn=gcn,ln=True,bn=False,res=True,jk=False,prelin=False"
coauthor-cs,MPNN_gcn,count,none,0.8,,42,2,93.5625,94.5202,0.0,0.14868798851966858,,0.49940207600593567,50,366,"lr=0.001,hid=512,do=0.3,wd=0.0005,heads=1,ll=2,gnn=gcn,ln=True,bn=False,res=True,jk=False,prelin=False"
coauthor-cs,MPNN_gcn,count,none,0.8,,42,3,93.0715,94.1385,0.0,0.1760949194431305,,0.47590410709381104,50,464,"lr=0.001,hid=512,do=0.3,wd=0.0005,heads=1,ll=2,gnn=gcn,ln=True,bn=False,res=True,jk=False,prelin=False"
coauthor-cs,MPNN_gcn,count,none,0.8,,42,4,93.1806,94.6292,0.0,0.15950554609298706,,0.5048331022262573,50,374,"lr=0.001,hid=512,do=0.3,wd=0.0005,heads=1,ll=2,gnn=gcn,ln=True,bn=False,res=True,jk=False,prelin=False"
coauthor-cs,MPNN_gcn,count,none,0.8,,42,5,93.1533,93.8113,0.0,0.14536932110786438,,0.45004531741142273,50,392,"lr=0.001,hid=512,do=0.3,wd=0.0005,heads=1,ll=2,gnn=gcn,ln=True,bn=False,res=True,jk=False,prelin=False"
coauthor-cs,MPNN_gcn,count,none,0.8,,42,6,93.9171,94.0022,0.0,0.15524877607822418,,0.4356805086135864,50,422,"lr=0.001,hid=512,do=0.3,wd=0.0005,heads=1,ll=2,gnn=gcn,ln=True,bn=False,res=True,jk=False,prelin=False"
coauthor-cs,MPNN_gcn,count,none,0.8,,42,7,93.1806,94.2203,0.0,0.1704878807067871,,0.5643898248672485,50,386,"lr=0.001,hid=512,do=0.3,wd=0.0005,heads=1,ll=2,gnn=gcn,ln=True,bn=False,res=True,jk=False,prelin=False"
coauthor-cs,MPNN_gcn,count,none,0.8,,42,8,93.7261,94.4111,0.0,0.13936777412891388,,0.46920642256736755,50,352,"lr=0.001,hid=512,do=0.3,wd=0.0005,heads=1,ll=2,gnn=gcn,ln=True,bn=False,res=True,jk=False,prelin=False"
coauthor-cs,MPNN_gcn,count,none,0.8,,42,9,94.0807,94.0840,0.0,0.14659252762794495,,0.4773116707801819,50,364,"lr=0.001,hid=512,do=0.3,wd=0.0005,heads=1,ll=2,gnn=gcn,ln=True,bn=False,res=True,jk=False,prelin=False"
coauthor-cs,MPNN_gcn,mlp,none,0.4,500,42,0,93.5352,94.2475,0.0,0.18760952353477478,0.887343168258667,0.408403605222702,50,,"lr=0.001,hid=512,do=0.3,wd=0.0005,heads=1,ll=2,gnn=gcn,ln=True,bn=False,res=True,jk=False,prelin=False"
coauthor-cs,MPNN_gcn,mlp,none,0.4,500,42,1,93.8625,94.4929,0.0,0.18773315846920013,0.8878887295722961,0.41117212176322937,50,,"lr=0.001,hid=512,do=0.3,wd=0.0005,heads=1,ll=2,gnn=gcn,ln=True,bn=False,res=True,jk=False,prelin=False"
coauthor-cs,MPNN_gcn,mlp,none,0.4,500,42,2,94.2990,94.1658,0.0,0.1866530030965805,0.8799781799316406,0.4163082540035248,50,,"lr=0.001,hid=512,do=0.3,wd=0.0005,heads=1,ll=2,gnn=gcn,ln=True,bn=False,res=True,jk=False,prelin=False"
coauthor-cs,MPNN_gcn,mlp,none,0.4,500,42,3,93.5079,94.0840,0.0,0.1896745264530182,0.8919803500175476,0.40309271216392517,50,,"lr=0.001,hid=512,do=0.3,wd=0.0005,heads=1,ll=2,gnn=gcn,ln=True,bn=False,res=True,jk=False,prelin=False"
coauthor-cs,MPNN_gcn,mlp,none,0.4,500,42,4,93.4261,93.7568,0.0,0.18640752136707306,0.8837970495223999,0.42536917328834534,50,,"lr=0.001,hid=512,do=0.3,wd=0.0005,heads=1,ll=2,gnn=gcn,ln=True,bn=False,res=True,jk=False,prelin=False"
coauthor-cs,MPNN_gcn,mlp,none,0.4,500,42,5,94.1898,94.4111,0.0,0.18965475261211395,0.890070915222168,0.40619713068008423,50,,"lr=0.001,hid=512,do=0.3,wd=0.0005,heads=1,ll=2,gnn=gcn,ln=True,bn=False,res=True,jk=False,prelin=False"
coauthor-cs,MPNN_gcn,mlp,none,0.4,500,42,6,94.3808,94.1112,0.0,0.1868777722120285,0.8922531604766846,0.4179592728614807,50,,"lr=0.001,hid=512,do=0.3,wd=0.0005,heads=1,ll=2,gnn=gcn,ln=True,bn=False,res=True,jk=False,prelin=False"
coauthor-cs,MPNN_gcn,mlp,none,0.4,500,42,7,93.8080,93.7296,0.0,0.18669840693473816,0.8870704174041748,0.41775795817375183,50,,"lr=0.001,hid=512,do=0.3,wd=0.0005,heads=1,ll=2,gnn=gcn,ln=True,bn=False,res=True,jk=False,prelin=False"
coauthor-cs,MPNN_gcn,mlp,none,0.4,500,42,8,93.7261,94.1658,0.0,0.18987007439136505,0.8949809074401855,0.41605469584465027,50,,"lr=0.001,hid=512,do=0.3,wd=0.0005,heads=1,ll=2,gnn=gcn,ln=True,bn=False,res=True,jk=False,prelin=False"
coauthor-cs,MPNN_gcn,mlp,none,0.4,500,42,9,94.1080,94.3839,0.0,0.18272623419761658,0.8917075991630554,0.42282038927078247,50,,"lr=0.001,hid=512,do=0.3,wd=0.0005,heads=1,ll=2,gnn=gcn,ln=True,bn=False,res=True,jk=False,prelin=False"
coauthor-cs,MPNN_gcn,oracle,none,0.4,,42,0,93.9989,94.4929,0.0,0.43668240308761597,,,50,,"lr=0.001,hid=512,do=0.3,wd=0.0005,heads=1,ll=2,gnn=gcn,ln=True,bn=False,res=True,jk=False,prelin=False"
coauthor-cs,MPNN_gcn,oracle,none,0.4,,42,1,93.6989,94.5202,0.0,0.43668240308761597,,,50,,"lr=0.001,hid=512,do=0.3,wd=0.0005,heads=1,ll=2,gnn=gcn,ln=True,bn=False,res=True,jk=False,prelin=False"
coauthor-cs,MPNN_gcn,oracle,none,0.4,,42,2,94.3808,94.4384,0.0,0.43668240308761597,,,50,,"lr=0.001,hid=512,do=0.3,wd=0.0005,heads=1,ll=2,gnn=gcn,ln=True,bn=False,res=True,jk=False,prelin=False"
coauthor-cs,MPNN_gcn,oracle,none,0.4,,42,3,93.2079,93.6205,0.0,0.43668240308761597,,,50,,"lr=0.001,hid=512,do=0.3,wd=0.0005,heads=1,ll=2,gnn=gcn,ln=True,bn=False,res=True,jk=False,prelin=False"
coauthor-cs,MPNN_gcn,oracle,none,0.4,,42,4,93.3715,93.7296,0.0,0.43668240308761597,,,50,,"lr=0.001,hid=512,do=0.3,wd=0.0005,heads=1,ll=2,gnn=gcn,ln=True,bn=False,res=True,jk=False,prelin=False"
coauthor-cs,MPNN_gcn,oracle,none,0.4,,42,5,94.1080,94.4384,0.0,0.43668240308761597,,,50,,"lr=0.001,hid=512,do=0.3,wd=0.0005,heads=1,ll=2,gnn=gcn,ln=True,bn=False,res=True,jk=False,prelin=False"
coauthor-cs,MPNN_gcn,oracle,none,0.4,,42,6,94.4081,94.4657,0.0,0.43668240308761597,,,50,,"lr=0.001,hid=512,do=0.3,wd=0.0005,heads=1,ll=2,gnn=gcn,ln=True,bn=False,res=True,jk=False,prelin=False"
coauthor-cs,MPNN_gcn,oracle,none,0.4,,42,7,93.7807,93.9749,0.0,0.43668240308761597,,,50,,"lr=0.001,hid=512,do=0.3,wd=0.0005,heads=1,ll=2,gnn=gcn,ln=True,bn=False,res=True,jk=False,prelin=False"
coauthor-cs,MPNN_gcn,oracle,none,0.4,,42,8,93.7534,94.2475,0.0,0.43668240308761597,,,50,,"lr=0.001,hid=512,do=0.3,wd=0.0005,heads=1,ll=2,gnn=gcn,ln=True,bn=False,res=True,jk=False,prelin=False"
coauthor-cs,MPNN_gcn,oracle,none,0.4,,42,9,94.1080,94.3839,0.0,0.43668240308761597,,,50,,"lr=0.001,hid=512,do=0.3,wd=0.0005,heads=1,ll=2,gnn=gcn,ln=True,bn=False,res=True,jk=False,prelin=False"
coauthor-cs,MPNN_gcn,count,none,1.6,,42,0,93.2897,94.4657,0.0,0.15305973589420319,,0.4786650240421295,50,380,"lr=0.001,hid=512,do=0.3,wd=0.0005,heads=1,ll=2,gnn=gcn,ln=True,bn=False,res=True,jk=False,prelin=False"
coauthor-cs,MPNN_gcn,count,none,1.6,,42,1,93.5625,94.4384,0.0,0.14963603019714355,,0.49214237928390503,50,360,"lr=0.001,hid=512,do=0.3,wd=0.0005,heads=1,ll=2,gnn=gcn,ln=True,bn=False,res=True,jk=False,prelin=False"
coauthor-cs,MPNN_gcn,count,none,1.6,,42,2,93.6716,94.6020,0.0,0.14868798851966858,,0.49940207600593567,50,366,"lr=0.001,hid=512,do=0.3,wd=0.0005,heads=1,ll=2,gnn=gcn,ln=True,bn=False,res=True,jk=False,prelin=False"
coauthor-cs,MPNN_gcn,count,none,1.6,,42,3,93.2897,94.0567,0.0,0.1760949194431305,,0.47590410709381104,50,464,"lr=0.001,hid=512,do=0.3,wd=0.0005,heads=1,ll=2,gnn=gcn,ln=True,bn=False,res=True,jk=False,prelin=False"
coauthor-cs,MPNN_gcn,count,none,1.6,,42,4,93.3170,94.6020,0.0,0.15950554609298706,,0.5048331022262573,50,374,"lr=0.001,hid=512,do=0.3,wd=0.0005,heads=1,ll=2,gnn=gcn,ln=True,bn=False,res=True,jk=False,prelin=False"
coauthor-cs,MPNN_gcn,count,none,1.6,,42,5,93.1533,93.8113,0.0,0.14536932110786438,,0.45004531741142273,50,392,"lr=0.001,hid=512,do=0.3,wd=0.0005,heads=1,ll=2,gnn=gcn,ln=True,bn=False,res=True,jk=False,prelin=False"
coauthor-cs,MPNN_gcn,count,none,1.6,,42,6,94.1353,94.5202,0.0,0.15524877607822418,,0.4356805086135864,50,422,"lr=0.001,hid=512,do=0.3,wd=0.0005,heads=1,ll=2,gnn=gcn,ln=True,bn=False,res=True,jk=False,prelin=False"
coauthor-cs,MPNN_gcn,count,none,1.6,,42,7,93.0987,93.9749,0.0,0.1704878807067871,,0.5643898248672485,50,386,"lr=0.001,hid=512,do=0.3,wd=0.0005,heads=1,ll=2,gnn=gcn,ln=True,bn=False,res=True,jk=False,prelin=False"
coauthor-cs,MPNN_gcn,count,none,1.6,,42,8,93.8352,94.1930,0.0,0.13936777412891388,,0.46920642256736755,50,352,"lr=0.001,hid=512,do=0.3,wd=0.0005,heads=1,ll=2,gnn=gcn,ln=True,bn=False,res=True,jk=False,prelin=False"
coauthor-cs,MPNN_gcn,count,none,1.6,,42,9,93.2351,93.9749,0.0,0.14659252762794495,,0.4773116707801819,50,364,"lr=0.001,hid=512,do=0.3,wd=0.0005,heads=1,ll=2,gnn=gcn,ln=True,bn=False,res=True,jk=False,prelin=False"
coauthor-cs,MPNN_gcn,mlp,none,0.8,500,42,0,93.8352,94.3021,0.0,0.18760952353477478,0.887343168258667,0.408403605222702,50,,"lr=0.001,hid=512,do=0.3,wd=0.0005,heads=1,ll=2,gnn=gcn,ln=True,bn=False,res=True,jk=False,prelin=False"
coauthor-cs,MPNN_gcn,mlp,none,0.8,500,42,1,93.8352,94.0840,0.0,0.18773315846920013,0.8878887295722961,0.41117212176322937,50,,"lr=0.001,hid=512,do=0.3,wd=0.0005,heads=1,ll=2,gnn=gcn,ln=True,bn=False,res=True,jk=False,prelin=False"
coauthor-cs,MPNN_gcn,mlp,none,0.8,500,42,2,94.4626,94.2475,0.0,0.1866530030965805,0.8799781799316406,0.4163082540035248,50,,"lr=0.001,hid=512,do=0.3,wd=0.0005,heads=1,ll=2,gnn=gcn,ln=True,bn=False,res=True,jk=False,prelin=False"
coauthor-cs,MPNN_gcn,mlp,none,0.8,500,42,3,93.4806,94.0294,0.0,0.1896745264530182,0.8919803500175476,0.40309271216392517,50,,"lr=0.001,hid=512,do=0.3,wd=0.0005,heads=1,ll=2,gnn=gcn,ln=True,bn=False,res=True,jk=False,prelin=False"
coauthor-cs,MPNN_gcn,mlp,none,0.8,500,42,4,93.9989,93.7841,0.0,0.18640752136707306,0.8837970495223999,0.42536917328834534,50,,"lr=0.001,hid=512,do=0.3,wd=0.0005,heads=1,ll=2,gnn=gcn,ln=True,bn=False,res=True,jk=False,prelin=False"
coauthor-cs,MPNN_gcn,mlp,none,0.8,500,42,5,94.1353,94.4929,0.0,0.18965475261211395,0.890070915222168,0.40619713068008423,50,,"lr=0.001,hid=512,do=0.3,wd=0.0005,heads=1,ll=2,gnn=gcn,ln=True,bn=False,res=True,jk=False,prelin=False"
coauthor-cs,MPNN_gcn,mlp,none,0.8,500,42,6,94.4081,94.2748,0.0,0.1868777722120285,0.8922531604766846,0.4179592728614807,50,,"lr=0.001,hid=512,do=0.3,wd=0.0005,heads=1,ll=2,gnn=gcn,ln=True,bn=False,res=True,jk=False,prelin=False"
coauthor-cs,MPNN_gcn,mlp,none,0.8,500,42,7,93.8898,93.9204,0.0,0.18669840693473816,0.8870704174041748,0.41775795817375183,50,,"lr=0.001,hid=512,do=0.3,wd=0.0005,heads=1,ll=2,gnn=gcn,ln=True,bn=False,res=True,jk=False,prelin=False"
coauthor-cs,MPNN_gcn,mlp,none,0.8,500,42,8,93.9171,94.2748,0.0,0.18987007439136505,0.8949809074401855,0.41605469584465027,50,,"lr=0.001,hid=512,do=0.3,wd=0.0005,heads=1,ll=2,gnn=gcn,ln=True,bn=False,res=True,jk=False,prelin=False"
coauthor-cs,MPNN_gcn,mlp,none,0.8,500,42,9,94.0807,94.6292,0.0,0.18272623419761658,0.8917075991630554,0.42282038927078247,50,,"lr=0.001,hid=512,do=0.3,wd=0.0005,heads=1,ll=2,gnn=gcn,ln=True,bn=False,res=True,jk=False,prelin=False"
coauthor-cs,MPNN_gcn,oracle,none,0.8,,42,0,93.7807,93.9477,0.0,0.43668240308761597,,,50,,"lr=0.001,hid=512,do=0.3,wd=0.0005,heads=1,ll=2,gnn=gcn,ln=True,bn=False,res=True,jk=False,prelin=False"
coauthor-cs,MPNN_gcn,oracle,none,0.8,,42,1,93.8080,94.5474,0.0,0.43668240308761597,,,50,,"lr=0.001,hid=512,do=0.3,wd=0.0005,heads=1,ll=2,gnn=gcn,ln=True,bn=False,res=True,jk=False,prelin=False"
coauthor-cs,MPNN_gcn,oracle,none,0.8,,42,2,94.1898,94.1658,0.0,0.43668240308761597,,,50,,"lr=0.001,hid=512,do=0.3,wd=0.0005,heads=1,ll=2,gnn=gcn,ln=True,bn=False,res=True,jk=False,prelin=False"
coauthor-cs,MPNN_gcn,oracle,none,0.8,,42,3,93.4534,94.1385,0.0,0.43668240308761597,,,50,,"lr=0.001,hid=512,do=0.3,wd=0.0005,heads=1,ll=2,gnn=gcn,ln=True,bn=False,res=True,jk=False,prelin=False"
coauthor-cs,MPNN_gcn,oracle,none,0.8,,42,4,93.7807,93.6205,0.0,0.43668240308761597,,,50,,"lr=0.001,hid=512,do=0.3,wd=0.0005,heads=1,ll=2,gnn=gcn,ln=True,bn=False,res=True,jk=False,prelin=False"
coauthor-cs,MPNN_gcn,oracle,none,0.8,,42,5,93.8352,94.1658,0.0,0.43668240308761597,,,50,,"lr=0.001,hid=512,do=0.3,wd=0.0005,heads=1,ll=2,gnn=gcn,ln=True,bn=False,res=True,jk=False,prelin=False"
coauthor-cs,MPNN_gcn,oracle,none,0.8,,42,6,94.1080,93.7296,0.0,0.43668240308761597,,,50,,"lr=0.001,hid=512,do=0.3,wd=0.0005,heads=1,ll=2,gnn=gcn,ln=True,bn=False,res=True,jk=False,prelin=False"
coauthor-cs,MPNN_gcn,oracle,none,0.8,,42,7,93.4806,93.8659,0.0,0.43668240308761597,,,50,,"lr=0.001,hid=512,do=0.3,wd=0.0005,heads=1,ll=2,gnn=gcn,ln=True,bn=False,res=True,jk=False,prelin=False"
coauthor-cs,MPNN_gcn,oracle,none,0.8,,42,8,93.6170,93.9477,0.0,0.43668240308761597,,,50,,"lr=0.001,hid=512,do=0.3,wd=0.0005,heads=1,ll=2,gnn=gcn,ln=True,bn=False,res=True,jk=False,prelin=False"
coauthor-cs,MPNN_gcn,oracle,none,0.8,,42,9,93.8080,93.7841,0.0,0.43668240308761597,,,50,,"lr=0.001,hid=512,do=0.3,wd=0.0005,heads=1,ll=2,gnn=gcn,ln=True,bn=False,res=True,jk=False,prelin=False"
coauthor-cs,MPNN_gcn,mlp,none,1.6,500,42,0,93.4534,94.0022,0.0,0.18760952353477478,0.887343168258667,0.408403605222702,50,,"lr=0.001,hid=512,do=0.3,wd=0.0005,heads=1,ll=2,gnn=gcn,ln=True,bn=False,res=True,jk=False,prelin=False"
coauthor-cs,MPNN_gcn,mlp,none,1.6,500,42,1,93.5079,93.7023,0.0,0.18773315846920013,0.8878887295722961,0.41117212176322937,50,,"lr=0.001,hid=512,do=0.3,wd=0.0005,heads=1,ll=2,gnn=gcn,ln=True,bn=False,res=True,jk=False,prelin=False"
coauthor-cs,MPNN_gcn,mlp,none,1.6,500,42,2,94.2990,94.1112,0.0,0.1866530030965805,0.8799781799316406,0.4163082540035248,50,,"lr=0.001,hid=512,do=0.3,wd=0.0005,heads=1,ll=2,gnn=gcn,ln=True,bn=False,res=True,jk=False,prelin=False"
coauthor-cs,MPNN_gcn,mlp,none,1.6,500,42,3,93.1806,93.8113,0.0,0.1896745264530182,0.8919803500175476,0.40309271216392517,50,,"lr=0.001,hid=512,do=0.3,wd=0.0005,heads=1,ll=2,gnn=gcn,ln=True,bn=False,res=True,jk=False,prelin=False"
coauthor-cs,MPNN_gcn,mlp,none,1.6,500,42,4,92.3350,93.2388,0.0,0.18640752136707306,0.8837970495223999,0.42536917328834534,50,,"lr=0.001,hid=512,do=0.3,wd=0.0005,heads=1,ll=2,gnn=gcn,ln=True,bn=False,res=True,jk=False,prelin=False"
coauthor-cs,MPNN_gcn,mlp,none,1.6,500,42,5,93.6989,93.5387,0.0,0.18965475261211395,0.890070915222168,0.40619713068008423,50,,"lr=0.001,hid=512,do=0.3,wd=0.0005,heads=1,ll=2,gnn=gcn,ln=True,bn=False,res=True,jk=False,prelin=False"
coauthor-cs,MPNN_gcn,mlp,none,1.6,500,42,6,93.7261,93.6478,0.0,0.1868777722120285,0.8922531604766846,0.4179592728614807,50,,"lr=0.001,hid=512,do=0.3,wd=0.0005,heads=1,ll=2,gnn=gcn,ln=True,bn=False,res=True,jk=False,prelin=False"
coauthor-cs,MPNN_gcn,mlp,none,1.6,500,42,7,93.5625,93.7296,0.0,0.18669840693473816,0.8870704174041748,0.41775795817375183,50,,"lr=0.001,hid=512,do=0.3,wd=0.0005,heads=1,ll=2,gnn=gcn,ln=True,bn=False,res=True,jk=False,prelin=False"
coauthor-cs,MPNN_gcn,mlp,none,1.6,500,42,8,93.6170,93.6750,0.0,0.18987007439136505,0.8949809074401855,0.41605469584465027,50,,"lr=0.001,hid=512,do=0.3,wd=0.0005,heads=1,ll=2,gnn=gcn,ln=True,bn=False,res=True,jk=False,prelin=False"
coauthor-cs,MPNN_gcn,mlp,none,1.6,500,42,9,93.4806,93.7296,0.0,0.18272623419761658,0.8917075991630554,0.42282038927078247,50,,"lr=0.001,hid=512,do=0.3,wd=0.0005,heads=1,ll=2,gnn=gcn,ln=True,bn=False,res=True,jk=False,prelin=False"
coauthor-cs,MPNN_gcn,oracle,none,1.6,,42,0,71.6858,72.5463,0.0,0.43668240308761597,,,50,,"lr=0.001,hid=512,do=0.3,wd=0.0005,heads=1,ll=2,gnn=gcn,ln=True,bn=False,res=True,jk=False,prelin=False"
coauthor-cs,MPNN_gcn,oracle,none,1.6,,42,1,93.6443,94.1658,0.0,0.43668240308761597,,,50,,"lr=0.001,hid=512,do=0.3,wd=0.0005,heads=1,ll=2,gnn=gcn,ln=True,bn=False,res=True,jk=False,prelin=False"
coauthor-cs,MPNN_gcn,oracle,none,1.6,,42,2,86.8249,86.8048,0.0,0.43668240308761597,,,50,,"lr=0.001,hid=512,do=0.3,wd=0.0005,heads=1,ll=2,gnn=gcn,ln=True,bn=False,res=True,jk=False,prelin=False"
coauthor-cs,MPNN_gcn,oracle,none,1.6,,42,3,92.9351,93.8659,0.0,0.43668240308761597,,,50,,"lr=0.001,hid=512,do=0.3,wd=0.0005,heads=1,ll=2,gnn=gcn,ln=True,bn=False,res=True,jk=False,prelin=False"
coauthor-cs,MPNN_gcn,oracle,none,1.6,,42,4,93.0987,93.7568,0.0,0.43668240308761597,,,50,,"lr=0.001,hid=512,do=0.3,wd=0.0005,heads=1,ll=2,gnn=gcn,ln=True,bn=False,res=True,jk=False,prelin=False"
coauthor-cs,MPNN_gcn,oracle,none,1.6,,42,5,93.9444,94.1385,0.0,0.43668240308761597,,,50,,"lr=0.001,hid=512,do=0.3,wd=0.0005,heads=1,ll=2,gnn=gcn,ln=True,bn=False,res=True,jk=False,prelin=False"
coauthor-cs,MPNN_gcn,oracle,none,1.6,,42,6,93.6716,94.0840,0.0,0.43668240308761597,,,50,,"lr=0.001,hid=512,do=0.3,wd=0.0005,heads=1,ll=2,gnn=gcn,ln=True,bn=False,res=True,jk=False,prelin=False"
coauthor-cs,MPNN_gcn,oracle,none,1.6,,42,7,93.3988,94.4111,0.0,0.43668240308761597,,,50,,"lr=0.001,hid=512,do=0.3,wd=0.0005,heads=1,ll=2,gnn=gcn,ln=True,bn=False,res=True,jk=False,prelin=False"
coauthor-cs,MPNN_gcn,oracle,none,1.6,,42,8,93.2624,93.7023,0.0,0.43668240308761597,,,50,,"lr=0.001,hid=512,do=0.3,wd=0.0005,heads=1,ll=2,gnn=gcn,ln=True,bn=False,res=True,jk=False,prelin=False"
coauthor-cs,MPNN_gcn,oracle,none,1.6,,42,9,93.5352,93.8931,0.0,0.43668240308761597,,,50,,"lr=0.001,hid=512,do=0.3,wd=0.0005,heads=1,ll=2,gnn=gcn,ln=True,bn=False,res=True,jk=False,prelin=False"
